,Affx-86775273,Affx-86775333,Affx-86775369,Affx-86775389,Affx-86775563,Affx-86775599,Affx-86775636,Affx-86775658,Affx-86775760,Affx-86775766,Affx-86775767,Affx-86775777,Affx-86775845,Affx-86775850,Affx-86775884
genotype_1,0,2,0,0,0,0,0,0,1,0,0,NA,NA,NA,1
genotype_2,1,1,0,1,0,0,0,1,2,0,0,0,0,NA,0
genotype_3,0,0,NA,0,1,1,0,0,1,0,NA,0,0,0,NA
genotype_4,0,0,0,1,NA,NA,0,NA,0,0,0,0,0,NA,2
genotype_5,0,0,0,1,1,1,0,1,2,1,1,0,0,0,0
genotype_6,0,0,0,1,0,2,0,1,1,1,0,0,NA,0,2
genotype_7,2,1,1,1,NA,2,1,1,0,0,1,0,0,0,0
genotype_8,0,1,0,1,0,0,0,1,2,1,0,0,0,NA,0
genotype_9,1,1,0,2,1,0,0,1,2,1,0,0,0,NA,0
genotype_10,1,0,2,2,0,1,1,1,1,0,0,0,NA,0,2
genotype_11,1,1,0,1,0,0,0,1,2,0,0,0,0,NA,0
genotype_12,0,1,0,1,0,0,0,0,2,1,0,NA,1,NA,0
genotype_13,1,1,1,0,0,1,1,0,0,1,0,NA,NA,0,1
genotype_14,1,1,0,0,1,1,1,1,1,1,0,0,0,NA,1
genotype_15,1,1,0,1,1,0,0,1,2,0,0,0,0,NA,0
genotype_16,0,1,0,1,0,0,0,0,2,1,0,0,0,NA,0
genotype_17,1,1,1,1,0,0,2,1,1,1,0,0,0,2,1
genotype_18,0,0,0,0,NA,2,1,2,0,0,2,0,2,0,2
genotype_19,0,1,0,0,1,0,0,0,2,0,1,0,0,0,0